Application ID,Applicant Name,Job Title,Application Date,Application Status
1,Terri Rush,"Administrator, sports",2024-01-07,Accepted
2,Ashley Hughes,Futures trader,2023-12-13,Rejected
3,John Peters,Charity officer,2024-01-11,Accepted
4,John Peters,Holiday representative,2023-12-27,Pending
5,Michael Martinez,"Presenter, broadcasting",2023-12-04,Rejected
6,Diana Lewis,Health visitor,2023-12-17,Pending
7,Joseph Christensen,Art therapist,2023-12-21,Rejected
8,James Dickson,Chartered legal executive (England and Wales),2023-12-27,Accepted
9,Casey Drake,Tourism officer,2023-12-31,Pending
10,James Miller,"Designer, television/film set",2023-12-26,Accepted
11,Anthony Shelton,Environmental manager,2023-12-30,Rejected
12,Nathaniel Cooper,Tourism officer,2023-12-14,Pending
13,Brittney Perez,"Engineer, technical sales",2024-01-12,Accepted
14,Karen Thompson,Retail merchandiser,2024-01-05,Accepted
15,Paul Moore,Psychotherapist,2024-01-13,Rejected
16,Tina Johnson,Immigration officer,2024-01-07,Pending
17,James Olson,Product designer,2024-01-05,Pending
18,James Morrow,"Administrator, sports",2024-01-01,Rejected
19,Terri Rush,Geophysicist/field seismologist,2024-01-16,Rejected
20,Michael James,Market researcher,2023-12-15,Accepted
21,Chelsea Ortega,"Biochemist, clinical",2024-01-13,Pending
22,Denise Moore,Network engineer,2023-12-17,Rejected
23,Jacob Alvarez,Chiropodist,2024-01-11,Accepted
24,Anthony Shelton,"Designer, television/film set",2024-01-08,Pending
25,David Thompson,Psychiatric nurse,2024-01-13,Accepted
26,Lori Wright,Chiropodist,2024-01-05,Accepted
27,Renee Vega,"Civil engineer, consulting",2023-12-07,Accepted
28,Timothy Steele,Podiatrist,2023-12-17,Rejected
29,Amber Hernandez,"Scientist, research (maths)",2023-12-18,Pending
30,Amanda Stone,Solicitor,2024-01-07,Pending
31,Anthony Shelton,Chiropodist,2023-12-16,Pending
32,Olivia Freeman,Environmental education officer,2024-01-11,Pending
33,Nathaniel Cooper,Exhibition designer,2023-12-30,Rejected
34,Amanda Stone,Chartered public finance accountant,2023-12-30,Pending
35,Mrs. Kelsey Nelson,"Radiographer, therapeutic",2023-12-24,Rejected
36,Timothy Steele,Chiropodist,2023-12-22,Pending
37,Meghan Stephenson,English as a foreign language teacher,2024-01-12,Rejected
38,Denise Moore,Firefighter,2024-01-17,Rejected
39,Michael James,"Research officer, political party",2024-01-07,Pending
40,Jo Smith,Personal assistant,2023-12-15,Rejected
41,Monica Reid,Web designer,2024-01-11,Rejected
42,Marcus Ramirez,Art therapist,2023-12-25,Pending
43,Charles Jones,Market researcher,2024-01-03,Rejected
44,Natasha Fields,Retail merchandiser,2024-01-03,Pending
45,James Miller,Interpreter,2023-12-08,Pending
46,Robert Kerr,Equality and diversity officer,2023-12-28,Pending
47,James Olson,Chief Financial Officer,2023-12-21,Accepted
48,James Bailey,Paramedic,2023-12-28,Accepted
49,James Olson,Wellsite geologist,2024-01-16,Rejected
50,Catherine King DVM,Public house manager,2024-01-13,Pending
51,Anthony Shelton,Building services engineer,2024-01-04,Pending
52,Jamie Brown,Insurance risk surveyor,2023-12-18,Pending
53,Nicole Brewer,Advertising copywriter,2023-12-12,Rejected
54,Mario Myers,Brewing technologist,2024-01-16,Rejected
55,James Matthews,Actor,2023-12-27,Pending
56,Brittney Perez,"Nurse, children's",2024-01-07,Pending
57,Amanda Stone,"Engineer, technical sales",2023-12-17,Rejected
58,Melanie Barber,Scientific laboratory technician,2023-12-04,Rejected
59,Joshua Wells,Chief Financial Officer,2023-12-10,Rejected
60,Timothy Steele,Chiropodist,2024-01-15,Accepted
61,James Morrow,"Civil engineer, contracting",2023-12-27,Pending
62,David Thompson,Paramedic,2024-01-11,Rejected
63,Jessica Gonzales,"Research officer, political party",2024-01-04,Accepted
64,Nicole Brewer,Product designer,2023-12-04,Accepted
65,Mrs. Ashley Romero,Advertising account executive,2023-12-12,Rejected
66,Colleen Conway,"Nurse, children's",2023-12-28,Accepted
67,Catherine Mcbride,"Administrator, sports",2023-12-16,Accepted
68,Mrs. Ashley Romero,"Engineer, electronics",2023-12-13,Pending
69,Renee Vega,"Research officer, government",2023-12-13,Accepted
70,Robert Jenkins,Maintenance engineer,2023-12-07,Pending
71,Dr. Casey Booth,Futures trader,2023-12-08,Rejected
72,James Morrow,"Engineer, electronics",2024-01-11,Accepted
73,Chelsea Ortega,Warden/ranger,2023-12-18,Pending
74,Jessica Gonzales,Psychiatric nurse,2023-12-05,Pending
75,Michael Hall,Special educational needs teacher,2023-12-09,Rejected
76,Colleen Conway,Network engineer,2024-01-12,Accepted
77,Chelsea Ortega,Optometrist,2024-01-04,Pending
78,Melanie Barber,Plant breeder/geneticist,2023-12-26,Accepted
79,Brittney Perez,Futures trader,2023-12-28,Accepted
80,Raymond Deleon,Youth worker,2024-01-11,Accepted
81,David Juarez,Product designer,2023-12-15,Rejected
82,James Olson,"Designer, television/film set",2023-12-18,Rejected
83,Robert Tucker,"Psychotherapist, dance movement",2023-12-26,Accepted
84,William Mitchell,"Civil engineer, contracting",2024-01-10,Rejected
85,Christopher Porter,Industrial/product designer,2023-12-15,Pending
86,James Lynn,Armed forces operational officer,2024-01-10,Rejected
87,Mario Myers,Paramedic,2023-12-05,Pending
88,Ashley Hughes,Scientific laboratory technician,2024-01-11,Accepted
89,Michelle Walker,Brewing technologist,2023-12-24,Rejected
90,Matthew Church,"Accountant, chartered management",2023-12-21,Rejected
91,Mrs. Ashley Romero,Insurance account manager,2023-12-31,Pending
92,Mrs. Kelsey Nelson,Industrial/product designer,2023-12-19,Rejected
93,Timothy Steele,Chartered loss adjuster,2024-01-05,Pending
94,Monica Reid,Interpreter,2024-01-16,Rejected
95,William Mitchell,Product designer,2023-12-16,Rejected
96,Angela Ellis,Psychotherapist,2023-12-12,Accepted
97,Ronald Robinson,Environmental manager,2023-12-22,Pending
98,James Olson,Armed forces operational officer,2023-12-28,Rejected
99,Timothy Steele,Chiropodist,2024-01-15,Accepted
100,Timothy Steele,Personal assistant,2023-12-22,Pending
